<RefTypes version="21"><RefType id="0" name="Journal Article"><Fields><Field id="2" order="10">Author (displayed)</Field><Field id="3" order="20">Year (displayed)</Field><Field id="4" order="30">Title (displayed)</Field><Field id="6" order="50">Journal (displayed)</Field><Field id="7" order="80">Volume (displayed)</Field><Field id="8" order="100">Issue</Field><Field id="5" order="110">Pages (displayed)</Field><Field id="35" order="120">Start Page</Field><Field id="17" order="160">Date (displayed)</Field><Field id="29" order="200">Alternate Journal</Field><Field id="24" order="210">ISSN</Field><Field id="43" order="220">DOI (displayed)</Field><Field id="36" order="230">Original Publication</Field><Field id="37" order="240">Reprint Edition</Field><Field id="38" order="250">Reviewed Item</Field><Field id="25" order="260">Legal Note</Field><Field id="26" order="270">PMCID</Field><Field id="33" order="300">Label</Field><Field id="34" order="310">NIHMSID</Field><Field id="42" order="320">Article Number</Field><Field id="30" order="340">Accession Number</Field><Field id="31" order="350">Call Number</Field><Field id="19" order="360">Label</Field><Field id="15" order="370">Keywords</Field><Field id="18" order="380">Abstract</Field><Field id="23" order="390">Notes</Field><Field id="49" order="400">Research Notes</Field><Field id="20" order="410">URL</Field><Field id="44" order="420">File Attachments</Field><Field id="39" order="430">Author Address</Field><Field id="40" order="440">Figure</Field><Field id="41" order="450">Caption</Field><Field id="51" order="460">Access Date</Field><Field id="45" order="470">Translated Author</Field><Field id="46" order="480">Translated Title</Field><Field id="47" order="490">Name of Database</Field><Field id="48" order="500">Database Provider</Field><Field id="50" order="510">Language</Field></Fields></RefType><RefType id="1" name="Book"><Fields><Field id="2" order="10">Author (displayed)</Field><Field id="3" order="20">Year (displayed)</Field><Field id="4" order="30">Title (displayed)</Field><Field id="11" order="60">Place Published (displayed)</Field><Field id="12" order="70">Publisher (displayed)</Field><Field id="24" order="210">ISBN</Field><Field id="33" order="300">Label</Field><Field id="23" order="390">Notes</Field><Field id="49" order="400">Research Notes</Field><Field id="20" order="410">URL</Field><Field id="44" order="420">File Attachments</Field><Field id="39" order="430">Author Address</Field><Field id="40" order="440">Figure</Field><Field id="41" order="450">Caption</Field><Field id="51" order="460">Access Date</Field><Field id="45" order="470">Translated Author</Field><Field id="46" order="480">Translated Title</Field><Field id="47" order="490">Name of Database</Field><Field id="48" order="500">Database Provider</Field></Fields></RefType><RefType id="2" name="Thesis"><Fields><Field id="2" order="10">Author</Field><Field id="3" order="20">Year</Field><Field id="4" order="30">Title</Field><Field id="6" order="50">Academic Department</Field><Field id="11" order="60">Place Published</Field><Field id="12" order="70">University</Field><Field id="7" order="80">Degree</Field><Field id="8" order="100">Document Number</Field><Field id="5" order="110">Number of Pages</Field><Field id="22" order="130">Advisor</Field><Field id="17" order="160">Date</Field><Field id="16" order="170">Thesis Type</Field><Field id="32" order="190">Short Title</Field><Field id="43" order="220">DOI</Field><Field id="30" order="340">Accession Number</Field><Field id="31" order="350">Call Number</Field><Field id="19" order="360">Label</Field><Field id="15" order="370">Keywords</Field><Field id="18" order="380">Abstract</Field><Field id="23" order="390">Notes</Field><Field id="49" order="400">Research Notes</Field><Field id="20" order="410">URL</Field><Field id="44" order="420">File Attachments</Field><Field id="39" order="430">Author Address</Field><Field id="40" order="440">Figure</Field><Field id="41" order="450">Caption</Field><Field id="51" order="460">Access Date</Field><Field id="45" order="470">Translated Author</Field><Field id="46" order="480">Translated Title</Field><Field id="47" order="490">Name of Database</Field><Field id="48" order="500">Database Provider</Field><Field id="50" order="510">Language</Field></Fields></RefType><RefType id="3" name="Conference Proceedings"><Fields><Field id="2" order="10">Author (required)</Field><Field id="3" order="20">Year of Conference (required)</Field><Field id="4" order="30">Title (required)</Field><Field id="10" order="40">Editor</Field><Field id="6" order="50">Conference Name (required)</Field><Field id="11" order="60">Conference Location</Field><Field id="12" order="70">Publisher</Field><Field id="7" order="80">Volume</Field><Field id="9" order="90">Number of Volumes</Field><Field id="8" order="100">Issue</Field><Field id="5" order="110">Pages (required)</Field><Field id="22" order="130">Series Editor</Field><Field id="21" order="140">Series Title</Field><Field id="14" order="150">Edition</Field><Field id="17" order="160">Date</Field><Field id="43" order="220">DOI (required)</Field><Field id="36" order="230">Source</Field><Field id="25" order="260">Place Published</Field><Field id="27" order="280">Proceedings Title</Field><Field id="33" order="300">Label</Field><Field id="31" order="350">Call Number</Field><Field id="19" order="360">Label</Field><Field id="15" order="370">Keywords</Field><Field id="18" order="380">Abstract</Field><Field id="23" order="390">Notes</Field><Field id="49" order="400">Research Notes</Field><Field id="44" order="420">File Attachments</Field><Field id="39" order="430">Author Address</Field><Field id="40" order="440">Figure</Field><Field id="41" order="450">Caption</Field><Field id="51" order="460">Access Date</Field><Field id="45" order="470">Translated Author</Field><Field id="46" order="480">Translated Title</Field><Field id="47" order="490">Name of Database</Field><Field id="48" order="500">Database Provider</Field><Field id="50" order="510">Language</Field></Fields></RefType><RefType id="4" name="Personal Communication"><Fields><Field id="2" order="10">Author</Field><Field id="3" order="20">Year</Field><Field id="4" order="30">Title</Field><Field id="6" order="50">Date</Field><Field id="23" order="390">Notes</Field><Field id="49" order="400">Research Notes</Field></Fields></RefType><RefType id="5" name="Newspaper Article"><Fields><Field id="2" order="10">Reporter (displayed)</Field><Field id="3" order="20">Year (displayed)</Field><Field id="4" order="30">Title (displayed)</Field><Field id="6" order="50">Newspaper (displayed)</Field><Field id="11" order="60">Place Published</Field><Field id="12" order="70">Publisher</Field><Field id="7" order="80">Volume</Field><Field id="9" order="90">Frequency</Field><Field id="8" order="100">Start Page</Field><Field id="5" order="110">Pages (displayed)</Field><Field id="35" order="120">Section</Field><Field id="14" order="150">Edition</Field><Field id="17" order="160">Issue Date</Field><Field id="36" order="230">Original Publication</Field><Field id="37" order="240">Reprint Edition</Field><Field id="38" order="250">Reviewed Item</Field><Field id="25" order="260">Column</Field><Field id="31" order="350">Call Number</Field><Field id="19" order="360">Label</Field><Field id="15" order="370">Keywords</Field><Field id="18" order="380">Abstract</Field><Field id="23" order="390">Notes</Field><Field id="49" order="400">Research Notes</Field><Field id="20" order="410">URL</Field><Field id="44" order="420">File Attachments</Field><Field id="39" order="430">Author Address</Field><Field id="40" order="440">Figure</Field><Field id="41" order="450">Caption</Field><Field id="51" order="460">Access Date</Field><Field id="45" order="470">Translated Author</Field><Field id="46" order="480">Translated Title</Field><Field id="47" order="490">Name of Database</Field><Field id="48" order="500">Database Provider</Field><Field id="50" order="510">Language</Field></Fields></RefType><RefType id="6" name="Computer Program"><Fields><Field id="2" order="10">Programmer</Field><Field id="3" order="20">Year</Field><Field id="4" order="30">Title</Field><Field id="6" order="50">Target Program</Field><Field id="11" order="60">Place Published</Field><Field id="12" order="70">Publisher</Field><Field id="7" order="80">Date</Field><Field id="5" order="110">Description</Field><Field id="14" order="150">Version</Field><Field id="16" order="170">Type</Field><Field id="32" order="190">Short Title</Field><Field id="29" order="200">Alternate Title</Field><Field id="24" order="210">ISBN</Field><Field id="43" order="220">DOI</Field><Field id="36" order="230">Contents</Field><Field id="25" order="260">Computer</Field><Field id="33" order="300">Label</Field><Field id="30" order="340">Accession Number</Field><Field id="31" order="350">Call Number</Field><Field id="19" order="360">Label</Field><Field id="15" order="370">Keywords</Field><Field id="18" order="380">Abstract</Field><Field id="23" order="390">Notes</Field><Field id="49" order="400">Research Notes</Field><Field id="20" order="410">URL</Field><Field id="44" order="420">File Attachments</Field><Field id="39" order="430">Author Address</Field><Field id="40" order="440">Figure</Field><Field id="41" order="450">Caption</Field><Field id="51" order="460">Access Date</Field><Field id="45" order="470">Translated Author</Field><Field id="46" order="480">Translated Title</Field><Field id="47" order="490">Name of Database</Field><Field id="48" order="500">Database Provider</Field><Field id="50" order="510">Language</Field></Fields></RefType><RefType id="7" name="Book Section"><Fields><Field id="2" order="10">Author (required)</Field><Field id="3" order="20">Year (required)</Field><Field id="4" order="30">Title (required)</Field><Field id="10" order="40">Editor (required)</Field><Field id="6" order="50">Book Title (required)</Field><Field id="11" order="60">Place Published (required)</Field><Field id="12" order="70">Publisher (required)</Field><Field id="7" order="80">Volume</Field><Field id="9" order="90">Number of Volumes</Field><Field id="8" order="100">Series Volume</Field><Field id="5" order="110">Pages (required)</Field><Field id="35" order="120">Chapter</Field><Field id="22" order="130">Series Editor</Field><Field id="21" order="140">Series Title</Field><Field id="14" order="150">Edition</Field><Field id="25" order="260">Section</Field><Field id="33" order="300">Label</Field><Field id="15" order="370">Keywords</Field><Field id="18" order="380">Abstract</Field><Field id="23" order="390">Notes</Field><Field id="49" order="400">Research Notes</Field><Field id="20" order="410">URL</Field><Field id="44" order="420">File Attachments</Field><Field id="50" order="510">Language</Field></Fields></RefType><RefType id="8" name="Magazine Article"><Fields><Field id="2" order="10">Author (displayed)</Field><Field id="3" order="20">Year (displayed)</Field><Field id="4" order="30">Title (displayed)</Field><Field id="6" order="50">Magazine (displayed)</Field><Field id="11" order="60">Place Published</Field><Field id="12" order="70">Publisher</Field><Field id="7" order="80">Volume (displayed)</Field><Field id="9" order="90">Frequency</Field><Field id="8" order="100">Issue Number (displayed)</Field><Field id="5" order="110">Pages (displayed)</Field><Field id="35" order="120">Start Page</Field><Field id="14" order="150">Edition</Field><Field id="17" order="160">Date</Field><Field id="16" order="170">Type of Article</Field><Field id="32" order="190">Short Title</Field><Field id="29" order="200">Alternate Magazine</Field><Field id="24" order="210">ISSN</Field><Field id="43" order="220">DOI</Field><Field id="36" order="230">Original Publication</Field><Field id="37" order="240">Reprint Edition</Field><Field id="38" order="250">Reviewed Item</Field><Field id="30" order="340">Accession Number</Field><Field id="31" order="350">Call Number</Field><Field id="19" order="360">Label</Field><Field id="15" order="370">Keywords</Field><Field id="18" order="380">Abstract</Field><Field id="23" order="390">Notes</Field><Field id="49" order="400">Research Notes</Field><Field id="20" order="410">URL</Field><Field id="44" order="420">File Attachments</Field><Field id="39" order="430">Author Address</Field><Field id="40" order="440">Figure</Field><Field id="41" order="450">Caption</Field><Field id="51" order="460">Access Date</Field><Field id="45" order="470">Translated Author</Field><Field id="46" order="480">Translated Title</Field><Field id="47" order="490">Name of Database</Field><Field id="48" order="500">Database Provider</Field><Field id="50" order="510">Language</Field></Fields></RefType><RefType id="9" name="Edited Book"><Fields><Field id="2" order="10">Editor</Field><Field id="3" order="20">Year</Field><Field id="4" order="30">Title</Field><Field id="10" order="40">Series Editor</Field><Field id="6" order="50">Series Title</Field><Field id="11" order="60">Place Published</Field><Field id="12" order="70">Publisher</Field><Field id="7" order="80">Volume</Field><Field id="9" order="90">Number of Volumes</Field><Field id="8" order="100">Series Volume</Field><Field id="5" order="110">Number of Pages</Field><Field id="14" order="150">Edition</Field><Field id="17" order="160">Date</Field><Field id="16" order="170">Type of Work</Field><Field id="13" order="180">Translator</Field><Field id="32" order="190">Short Title</Field><Field id="29" order="200">Alternate Title</Field><Field id="24" order="210">ISBN</Field><Field id="43" order="220">DOI</Field><Field id="36" order="230">Original Publication</Field><Field id="37" order="240">Reprint Edition</Field><Field id="42" order="320">Contents</Field><Field id="30" order="340">Accession Number</Field><Field id="31" order="350">Call Number</Field><Field id="19" order="360">Label</Field><Field id="15" order="370">Keywords</Field><Field id="18" order="380">Abstract</Field><Field id="23" order="390">Notes</Field><Field id="49" order="400">Research Notes</Field><Field id="20" order="410">URL</Field><Field id="44" order="420">File Attachments</Field><Field id="39" order="430">Editor Address</Field><Field id="40" order="440">Figure</Field><Field id="41" order="450">Caption</Field><Field id="51" order="460">Access Date</Field><Field id="45" order="470">Translated Author</Field><Field id="46" order="480">Translated Title</Field><Field id="47" order="490">Name of Database</Field><Field id="48" order="500">Database Provider</Field><Field id="50" order="510">Language</Field></Fields></RefType><RefType id="10" name="Report"><Fields><Field id="2" order="10">Author (displayed)</Field><Field id="3" order="20">Year (displayed)</Field><Field id="4" order="30">Title (displayed)</Field><Field id="12" order="70">Institution (displayed)</Field><Field id="7" order="80">Volume</Field><Field id="5" order="110">Pages</Field><Field id="17" order="160">Date (displayed)</Field><Field id="16" order="170">Type (displayed)</Field><Field id="29" order="200">Alternate Title</Field><Field id="24" order="210">ISBN/ISSN</Field><Field id="43" order="220">Report Number</Field><Field id="23" order="390">Notes</Field><Field id="49" order="400">Research Notes</Field><Field id="20" order="410">URL</Field><Field id="44" order="420">File Attachments</Field><Field id="39" order="430">Author Address</Field><Field id="40" order="440">Figure</Field><Field id="41" order="450">Caption</Field><Field id="51" order="460">Access Date</Field><Field id="45" order="470">Translated Author</Field><Field id="46" order="480">Translated Title</Field><Field id="47" order="490">Name of Database</Field><Field id="48" order="500">Database Provider</Field><Field id="50" order="510">Language</Field></Fields></RefType><RefType id="11" name=".Map"><Fields><Field id="2" order="10">Cartographer</Field><Field id="3" order="20">Year</Field><Field id="4" order="30">Title</Field><Field id="10" order="40">Series Editor</Field><Field id="6" order="50">Series Title</Field><Field id="11" order="60">Place Published</Field><Field id="12" order="70">Publisher</Field><Field id="5" order="110">Description</Field><Field id="14" order="150">Edition</Field><Field id="17" order="160">Date</Field><Field id="16" order="170">Type</Field><Field id="32" order="190">Short Title</Field><Field id="29" order="200">Alternate Title</Field><Field id="24" order="210">ISBN</Field><Field id="43" order="220">DOI</Field><Field id="37" order="240">Reprint Edition</Field><Field id="25" order="260">Scale</Field><Field id="26" order="270">Area</Field><Field id="27" order="280">Size</Field><Field id="33" order="300">Packaging Method</Field><Field id="30" order="340">Accession Number</Field><Field id="31" order="350">Call Number</Field><Field id="19" order="360">Label</Field><Field id="15" order="370">Keywords</Field><Field id="18" order="380">Abstract</Field><Field id="23" order="390">Notes</Field><Field id="49" order="400">Research Notes</Field><Field id="20" order="410">URL</Field><Field id="44" order="420">File Attachments</Field><Field id="39" order="430">Author Address</Field><Field id="40" order="440">Figure</Field><Field id="41" order="450">Caption</Field><Field id="51" order="460">Access Date</Field><Field id="45" order="470">Translated Author</Field><Field id="46" order="480">Translated Title</Field><Field id="47" order="490">Name of Database</Field><Field id="48" order="500">Database Provider</Field><Field id="50" order="510">Language</Field></Fields></RefType><RefType id="12" name="Audiovisual Material"><Fields><Field id="2" order="10">Author</Field><Field id="3" order="20">Year</Field><Field id="4" order="30">Title</Field><Field id="10" order="40">Series Editor</Field><Field id="6" order="50">Series Title</Field><Field id="11" order="60">Place Published</Field><Field id="12" order="70">Publisher</Field><Field id="7" order="80">Volume</Field><Field id="9" order="90">Extent of Work</Field><Field id="8" order="100">Number</Field><Field id="21" order="140">Album Name</Field><Field id="14" order="150">Edition</Field><Field id="17" order="160">Date</Field><Field id="16" order="170">Type</Field><Field id="13" order="180">Performers</Field><Field id="32" order="190">Short Title</Field><Field id="29" order="200">Alternate Title</Field><Field id="24" order="210">ISBN</Field><Field id="43" order="220">DOI</Field><Field id="36" order="230">Contents</Field><Field id="25" order="260">Cast</Field><Field id="26" order="270">Credits</Field><Field id="27" order="280">Size/Length</Field><Field id="28" order="290">Format</Field><Field id="33" order="300">Label</Field><Field id="30" order="340">Accession Number</Field><Field id="31" order="350">Call Number</Field><Field id="19" order="360">Label</Field><Field id="15" order="370">Keywords</Field><Field id="18" order="380">Abstract</Field><Field id="23" order="390">Notes</Field><Field id="49" order="400">Research Notes</Field><Field id="20" order="410">URL</Field><Field id="44" order="420">File Attachments</Field><Field id="39" order="430">Author Address</Field><Field id="40" order="440">Figure</Field><Field id="41" order="450">Caption</Field><Field id="51" order="460">Access Date</Field><Field id="45" order="470">Translated Author</Field><Field id="46" order="480">Translated Title</Field><Field id="47" order="490">Name of Database</Field><Field id="48" order="500">Database Provider</Field><Field id="50" order="510">Language</Field></Fields></RefType><RefType id="13" name="Trade Journal Article"><Fields><Field id="2" order="10">Author (displayed)</Field><Field id="3" order="20">Year (displayed)</Field><Field id="4" order="30">Title (displayed)</Field><Field id="6" order="50">Journal (displayed)</Field><Field id="7" order="80">Volume (displayed)</Field><Field id="8" order="100">Issue</Field><Field id="5" order="110">Pages (displayed)</Field><Field id="35" order="120">Start Page</Field><Field id="17" order="160">Date (displayed)</Field><Field id="29" order="200">Alternate Title</Field><Field id="43" order="220">DOI (displayed)</Field><Field id="27" order="280">Size/Length</Field><Field id="31" order="350">Call Number</Field><Field id="19" order="360">Label</Field><Field id="15" order="370">Keywords</Field><Field id="18" order="380">Abstract</Field><Field id="23" order="390">Notes</Field><Field id="49" order="400">Research Notes</Field><Field id="20" order="410">URL</Field><Field id="44" order="420">File Attachments</Field><Field id="39" order="430">Author Address</Field><Field id="40" order="440">Figure</Field><Field id="41" order="450">Caption</Field><Field id="51" order="460">Access Date</Field><Field id="45" order="470">Translated Author</Field><Field id="46" order="480">Translated Title</Field><Field id="47" order="490">Name of Database</Field><Field id="48" order="500">Database Provider</Field><Field id="50" order="510">Language</Field></Fields></RefType><RefType id="14" name="Company"><Fields><Field id="2" order="10">CEO</Field><Field id="3" order="20">Founding Year</Field><Field id="4" order="30">Company Name (displayed)</Field><Field id="6" order="50">Headquarters City (displayed)</Field><Field id="11" order="60">Headquarters Country (displayed)</Field><Field id="12" order="70">Principals</Field><Field id="7" order="80">Business Type</Field><Field id="9" order="90">No. of Employees</Field><Field id="8" order="100">Annual Sales</Field><Field id="5" order="110">Website (displayed)</Field><Field id="35" order="120">Compant Address</Field><Field id="21" order="140">Publications</Field><Field id="14" order="150">Patents</Field><Field id="17" order="160">Products</Field><Field id="16" order="170">DUNS Number</Field><Field id="32" order="190">Notes</Field><Field id="33" order="300">Label</Field><Field id="23" order="390">Notes</Field><Field id="49" order="400">Research Notes</Field><Field id="44" order="420">File Attachments</Field></Fields></RefType><RefType id="15" name="Issued Patent"><Fields><Field id="2" order="10">Inventor (displayed)</Field><Field id="3" order="20">Year (displayed)</Field><Field id="4" order="30">Title (displayed)</Field><Field id="10" order="40">Issuing Organization</Field><Field id="6" order="50">Published Source</Field><Field id="11" order="60">Country</Field><Field id="12" order="70">Assignee</Field><Field id="7" order="80">Patent Version Number</Field><Field id="24" order="210">ISBN/ISSN</Field><Field id="43" order="220">Patent Number (displayed)</Field><Field id="26" order="270">Issue Month, Day (displayed)</Field><Field id="31" order="350">Call Number</Field><Field id="19" order="360">Label</Field><Field id="23" order="390">Notes</Field><Field id="49" order="400">Research Notes</Field><Field id="20" order="410">URL</Field><Field id="44" order="420">File Attachments</Field><Field id="39" order="430">Inventor Address</Field><Field id="40" order="440">Figure</Field><Field id="41" order="450">Caption</Field><Field id="51" order="460">Access Date</Field><Field id="45" order="470">Translated Author</Field><Field id="46" order="480">Translated Title</Field><Field id="47" order="490">Name of Database</Field><Field id="48" order="500">Database Provider</Field><Field id="50" order="510">Language</Field></Fields></RefType><RefType id="16" name="Web-Page Article"><Fields><Field id="2" order="10">Website Name or Author (displayed)</Field><Field id="3" order="20">Year (displayed)</Field><Field id="4" order="30">Title (displayed)</Field><Field id="10" order="40">Secondary Author</Field><Field id="6" order="50">Secondary Title</Field><Field id="11" order="60">Place Published</Field><Field id="12" order="70">Publisher</Field><Field id="7" order="80">Access Year</Field><Field id="8" order="100">Access Date</Field><Field id="5" order="110">Website (displayed)</Field><Field id="14" order="150">Edition</Field><Field id="17" order="160">Last Update Date</Field><Field id="16" order="170">Type of Medium</Field><Field id="32" order="190">Short Title</Field><Field id="29" order="200">Alternate Title</Field><Field id="24" order="210">ISBN</Field><Field id="43" order="220">DOI</Field><Field id="36" order="230">Contents</Field><Field id="25" order="260">Year Cited</Field><Field id="26" order="270">Date Cited</Field><Field id="30" order="340">Accession Number</Field><Field id="31" order="350">Call Number</Field><Field id="19" order="360">Label</Field><Field id="15" order="370">Keywords</Field><Field id="18" order="380">Abstract</Field><Field id="23" order="390">Notes</Field><Field id="49" order="400">Research Notes</Field><Field id="44" order="420">File Attachments</Field><Field id="39" order="430">Author Address</Field><Field id="40" order="440">Figure</Field><Field id="41" order="450">Caption</Field><Field id="51" order="460">Access Date</Field><Field id="45" order="470">Translated Author</Field><Field id="46" order="480">Translated Title</Field><Field id="47" order="490">Name of Database</Field><Field id="48" order="500">Database Provider</Field><Field id="50" order="510">Language</Field></Fields></RefType><RefType id="17" name="Patent Application Publication"><Fields><Field id="2" order="10">Inventors (displayed)</Field><Field id="3" order="20">Year (displayed)</Field><Field id="4" order="30">Title (displayed)</Field><Field id="11" order="60">Country</Field><Field id="12" order="70">Assignee</Field><Field id="7" order="80">Patent Version Number</Field><Field id="17" order="160">Publication Date (displayed)</Field><Field id="43" order="220">Publication Number (displayed)</Field><Field id="23" order="390">Notes</Field><Field id="49" order="400">Research Notes</Field><Field id="20" order="410">URL</Field><Field id="44" order="420">File Attachments</Field><Field id="39" order="430">Author Address</Field><Field id="40" order="440">Figure</Field><Field id="41" order="450">Caption</Field><Field id="51" order="460">Access Date</Field><Field id="45" order="470">Translated Author</Field><Field id="46" order="480">Translated Title</Field><Field id="47" order="490">Name of Database</Field><Field id="48" order="500">Database Provider</Field><Field id="50" order="510">Language</Field></Fields></RefType><RefType id="18" name="Provisional Patent Application"><Fields><Field id="2" order="10">Inventors (displayed)</Field><Field id="3" order="20">Year (displayed)</Field><Field id="4" order="30">Title (displayed)</Field><Field id="6" order="50">Secondary Title</Field><Field id="11" order="60">Country</Field><Field id="12" order="70">Assignee</Field><Field id="7" order="80">Patent Version Nuber</Field><Field id="43" order="220">Provisional Number (displayed)</Field><Field id="26" order="270">Date Filed (displayed)</Field><Field id="23" order="390">Notes</Field><Field id="49" order="400">Research Notes</Field><Field id="20" order="410">URL</Field><Field id="44" order="420">File Attachments</Field><Field id="39" order="430">Author Address</Field><Field id="40" order="440">Figure</Field><Field id="41" order="450">Caption</Field><Field id="51" order="460">Access Date</Field><Field id="45" order="470">Translated Author</Field><Field id="46" order="480">Translated Title</Field><Field id="47" order="490">Name of Database</Field><Field id="48" order="500">Database Provider</Field><Field id="50" order="510">Language</Field></Fields></RefType><RefType id="19" name="Record of Invention"><Fields><Field id="2" order="10">Inventors (displayed)</Field><Field id="3" order="20">Year (displayed)</Field><Field id="4" order="30">Title (displayed)</Field><Field id="11" order="60">Country</Field><Field id="12" order="70">Assignee</Field><Field id="7" order="80">Patent Version Number</Field><Field id="43" order="220">Provisional Number (displayed)</Field><Field id="26" order="270">Date Submitted (displayed)</Field><Field id="23" order="390">Notes</Field><Field id="49" order="400">Research Notes</Field><Field id="20" order="410">URL</Field><Field id="44" order="420">File Attachments</Field><Field id="39" order="430">Author Address</Field><Field id="40" order="440">Figure</Field><Field id="41" order="450">Caption</Field><Field id="51" order="460">Access Date</Field><Field id="45" order="470">Translated Author</Field><Field id="46" order="480">Translated Title</Field><Field id="47" order="490">Name of Database</Field><Field id="48" order="500">Database Provider</Field><Field id="50" order="510">Language</Field></Fields></RefType><RefType id="20" name="Manuscript"><Fields><Field id="2" order="10">Author</Field><Field id="3" order="20">Year</Field><Field id="4" order="30">Title</Field><Field id="10" order="40">Institution</Field><Field id="6" order="50">Journal</Field><Field id="11" order="60">Place Published</Field><Field id="12" order="70">Library/Archive</Field><Field id="7" order="80">Volume/Storage Container</Field><Field id="9" order="90">Manuscript Number</Field><Field id="8" order="100">Folio Number</Field><Field id="5" order="110">Pages</Field><Field id="35" order="120">Start Page</Field><Field id="14" order="150">Description of Material</Field><Field id="17" order="160">Date</Field><Field id="16" order="170">Type of Work</Field><Field id="32" order="190">Short Title</Field><Field id="29" order="200">Abbreviation</Field><Field id="43" order="220">DOI</Field><Field id="30" order="340">Accession Number</Field><Field id="31" order="350">Call Number</Field><Field id="19" order="360">Label</Field><Field id="15" order="370">Keywords</Field><Field id="18" order="380">Abstract</Field><Field id="23" order="390">Notes</Field><Field id="49" order="400">Research Notes</Field><Field id="20" order="410">URL</Field><Field id="44" order="420">File Attachments</Field><Field id="39" order="430">Author Address</Field><Field id="40" order="440">Figure</Field><Field id="41" order="450">Caption</Field><Field id="51" order="460">Access Date</Field><Field id="45" order="470">Translated Author</Field><Field id="46" order="480">Translated Title</Field><Field id="47" order="490">Name of Database</Field><Field id="48" order="500">Database Provider</Field><Field id="50" order="510">Language</Field></Fields></RefType><RefType id="21" name="PhD Thesis"><Fields><Field id="2" order="10">Author (displayed)</Field><Field id="3" order="20">Year (displayed)</Field><Field id="4" order="30">Title (displayed)</Field><Field id="6" order="50">Academic Department (displayed)</Field><Field id="11" order="60">Place Published (displayed)</Field><Field id="12" order="70">University (displayed)</Field><Field id="7" order="80">Degree (displayed)</Field><Field id="17" order="160">Date</Field><Field id="16" order="170">Thesis Type</Field><Field id="43" order="220">DOI</Field><Field id="37" order="240">Reprint Edition</Field><Field id="30" order="340">Accession Number</Field><Field id="31" order="350">Call Number</Field><Field id="19" order="360">Label</Field><Field id="15" order="370">Keywords</Field><Field id="18" order="380">Synopsis</Field><Field id="23" order="390">Notes</Field><Field id="49" order="400">Research Notes</Field><Field id="20" order="410">URL</Field><Field id="44" order="420">File Attachments</Field><Field id="39" order="430">Author Address</Field><Field id="40" order="440">Figure</Field><Field id="41" order="450">Caption</Field><Field id="51" order="460">Access Date</Field><Field id="45" order="470">Translated Author</Field><Field id="46" order="480">Translated Title</Field><Field id="47" order="490">Name of Database</Field><Field id="48" order="500">Database Provider</Field><Field id="50" order="510">Language</Field></Fields></RefType><RefType id="22" name="Datasheet"><Fields><Field id="3" order="20">Year Introduced (displayed)</Field><Field id="4" order="30">Product Name (displayed)</Field><Field id="6" order="50">Model Number (displayed)</Field><Field id="12" order="70">Company (displayed)</Field><Field id="7" order="80">Website (displayed)</Field><Field id="9" order="90">Product Description</Field><Field id="8" order="100">Key Features</Field><Field id="5" order="110">Notes</Field><Field id="29" order="200">Abbreviation</Field><Field id="38" order="250">Article Number</Field><Field id="31" order="350">Call Number</Field><Field id="19" order="360">Label</Field><Field id="49" order="400">Research Notes</Field><Field id="44" order="420">File Attachments</Field><Field id="39" order="430">Author Address</Field><Field id="40" order="440">Figure</Field><Field id="41" order="450">Caption</Field><Field id="51" order="460">Access Date</Field><Field id="45" order="470">Translated Author</Field><Field id="46" order="480">Translated Title</Field><Field id="47" order="490">Name of Database</Field><Field id="48" order="500">Database Provider</Field><Field id="50" order="510">Language</Field></Fields></RefType><RefType id="23" name="Roadmap"><Fields><Field id="2" order="10">Industry Association (displayed)</Field><Field id="3" order="20">Year (displayed)</Field><Field id="4" order="30">Title (displayed)</Field><Field id="6" order="50">Secondary Title</Field><Field id="11" order="60">Publications</Field><Field id="12" order="70">Website (displayed)</Field><Field id="7" order="80">Notes</Field><Field id="16" order="170">Reference Type</Field><Field id="23" order="390">Notes</Field><Field id="49" order="400">Research Notes</Field><Field id="44" order="420">File Attachments</Field><Field id="40" order="440">Figure</Field><Field id="41" order="450">Caption</Field><Field id="51" order="460">Access Date</Field><Field id="45" order="470">Translated Author</Field><Field id="46" order="480">Translated Title</Field><Field id="47" order="490">Name of Database</Field><Field id="48" order="500">Database Provider</Field><Field id="50" order="510">Language</Field></Fields></RefType><RefType id="24" name="Software"><Fields><Field id="2" order="10">Software Name (displayed)</Field><Field id="3" order="20">Founding Year</Field><Field id="4" order="30">Company Name (displayed)</Field><Field id="6" order="50">Company City (displayed)</Field><Field id="11" order="60">Company State/Country (displayed)</Field><Field id="12" order="70">Software Function</Field><Field id="7" order="80">Application Notes</Field><Field id="9" order="90">Platform</Field><Field id="8" order="100">Compatibility</Field><Field id="5" order="110">Website (displayed)</Field><Field id="35" order="120">Company Address</Field><Field id="22" order="130">Principals</Field><Field id="21" order="140">Publications</Field><Field id="14" order="150">Notes</Field><Field id="23" order="390">Notes</Field><Field id="49" order="400">Research Notes</Field><Field id="44" order="420">File Attachments</Field><Field id="39" order="430">Author Address</Field><Field id="40" order="440">Figure</Field><Field id="41" order="450">Caption</Field><Field id="51" order="460">Access Date</Field><Field id="45" order="470">Translated Author</Field><Field id="46" order="480">Translated Title</Field><Field id="47" order="490">Name of Database</Field><Field id="48" order="500">Database Provider</Field><Field id="50" order="510">Language</Field></Fields></RefType><RefType id="25" name="Figure"><Fields><Field id="2" order="10">Created By</Field><Field id="3" order="20">Year</Field><Field id="4" order="30">Title</Field><Field id="10" order="40">Name of File</Field><Field id="6" order="50">Image Source Program</Field><Field id="11" order="60">Place Published</Field><Field id="12" order="70">Publisher</Field><Field id="7" order="80">Image Size</Field><Field id="8" order="100">Number</Field><Field id="5" order="110">Description</Field><Field id="14" order="150">Version</Field><Field id="17" order="160">Date</Field><Field id="16" order="170">Type of Image</Field><Field id="43" order="220">DOI</Field><Field id="30" order="340">Accession Number</Field><Field id="31" order="350">Call Number</Field><Field id="19" order="360">Label</Field><Field id="15" order="370">Keywords</Field><Field id="18" order="380">Abstract</Field><Field id="23" order="390">Notes</Field><Field id="49" order="400">Research Notes</Field><Field id="20" order="410">URL</Field><Field id="44" order="420">File Attachments</Field><Field id="39" order="430">Author Address</Field><Field id="40" order="440">Figure</Field><Field id="41" order="450">Caption</Field><Field id="51" order="460">Access Date</Field><Field id="45" order="470">Translated Author</Field><Field id="46" order="480">Translated Title</Field><Field id="47" order="490">Name of Database</Field><Field id="48" order="500">Database Provider</Field><Field id="50" order="510">Language</Field></Fields></RefType><RefType id="26" name="Chart or Table"><Fields><Field id="2" order="10">Created By</Field><Field id="3" order="20">Year</Field><Field id="4" order="30">Title</Field><Field id="10" order="40">Name of File</Field><Field id="6" order="50">Image Source Program</Field><Field id="11" order="60">Place Published</Field><Field id="12" order="70">Publisher</Field><Field id="7" order="80">Image Size</Field><Field id="8" order="100">Number</Field><Field id="5" order="110">Description</Field><Field id="14" order="150">Version</Field><Field id="17" order="160">Date</Field><Field id="16" order="170">Type of Image</Field><Field id="43" order="220">DOI</Field><Field id="30" order="340">Accession Number</Field><Field id="31" order="350">Call Number</Field><Field id="19" order="360">Label</Field><Field id="15" order="370">Keywords</Field><Field id="18" order="380">Abstract</Field><Field id="23" order="390">Notes</Field><Field id="49" order="400">Research Notes</Field><Field id="20" order="410">URL</Field><Field id="44" order="420">File Attachments</Field><Field id="39" order="430">Author Address</Field><Field id="40" order="440">Figure</Field><Field id="41" order="450">Caption</Field><Field id="51" order="460">Access Date</Field><Field id="45" order="470">Translated Author</Field><Field id="46" order="480">Translated Title</Field><Field id="47" order="490">Name of Database</Field><Field id="48" order="500">Database Provider</Field><Field id="50" order="510">Language</Field></Fields></RefType><RefType id="27" name="Equation"><Fields><Field id="2" order="10">Created By</Field><Field id="3" order="20">Year</Field><Field id="4" order="30">Title</Field><Field id="10" order="40">Name of File</Field><Field id="6" order="50">Image Source Program</Field><Field id="11" order="60">Place Published</Field><Field id="12" order="70">Publisher</Field><Field id="7" order="80">Image Size</Field><Field id="8" order="100">Number</Field><Field id="5" order="110">Description</Field><Field id="14" order="150">Version</Field><Field id="17" order="160">Date</Field><Field id="16" order="170">Type of Image</Field><Field id="43" order="220">DOI</Field><Field id="30" order="340">Accession Number</Field><Field id="31" order="350">Call Number</Field><Field id="19" order="360">Label</Field><Field id="15" order="370">Keywords</Field><Field id="18" order="380">Abstract</Field><Field id="23" order="390">Notes</Field><Field id="49" order="400">Research Notes</Field><Field id="20" order="410">URL</Field><Field id="44" order="420">File Attachments</Field><Field id="39" order="430">Author Address</Field><Field id="40" order="440">Figure</Field><Field id="41" order="450">Caption</Field><Field id="51" order="460">Access Date</Field><Field id="45" order="470">Translated Author</Field><Field id="46" order="480">Translated Title</Field><Field id="47" order="490">Name of Database</Field><Field id="48" order="500">Database Provider</Field><Field id="50" order="510">Language</Field></Fields></RefType><RefType id="28" name="Electronic Article"><Fields><Field id="2" order="10">Author</Field><Field id="3" order="20">Year</Field><Field id="4" order="30">Title</Field><Field id="6" order="50">Periodical Title</Field><Field id="11" order="60">Place Published</Field><Field id="12" order="70">Publisher</Field><Field id="7" order="80">Volume</Field><Field id="9" order="90">Document Number</Field><Field id="8" order="100">Issue</Field><Field id="5" order="110">Pages</Field><Field id="35" order="120">E-Pub Date</Field><Field id="21" order="140">Website Title</Field><Field id="14" order="150">Edition</Field><Field id="17" order="160">Date Accessed</Field><Field id="16" order="170">Type of Work</Field><Field id="32" order="190">Short Title</Field><Field id="29" order="200">Alternate Title</Field><Field id="24" order="210">ISSN</Field><Field id="43" order="220">DOI</Field><Field id="37" order="240">Reprint Edition</Field><Field id="38" order="250">Reviewed Item</Field><Field id="25" order="260">Year Cited</Field><Field id="26" order="270">Date Cited</Field><Field id="27" order="280">PMCID</Field><Field id="28" order="290">Reviewer</Field><Field id="33" order="300">Issue Title</Field><Field id="34" order="310">NIHMSID</Field><Field id="42" order="320">Article Number</Field><Field id="30" order="340">Accession Number</Field><Field id="19" order="360">Label</Field><Field id="15" order="370">Keywords</Field><Field id="18" order="380">Abstract</Field><Field id="23" order="390">Notes</Field><Field id="49" order="400">Research Notes</Field><Field id="20" order="410">URL</Field><Field id="44" order="420">File Attachments</Field><Field id="39" order="430">Author Address</Field><Field id="40" order="440">Figure</Field><Field id="41" order="450">Caption</Field><Field id="45" order="470">Translated Author</Field><Field id="46" order="480">Translated Title</Field><Field id="47" order="490">Name of Database</Field><Field id="48" order="500">Database Provider</Field><Field id="50" order="510">Language</Field></Fields></RefType><RefType id="29" name="Electronic Book"><Fields><Field id="2" order="10">Author</Field><Field id="3" order="20">Year</Field><Field id="4" order="30">Title</Field><Field id="10" order="40">Editor</Field><Field id="6" order="50">Secondary Title</Field><Field id="11" order="60">Place Published</Field><Field id="12" order="70">Publisher</Field><Field id="7" order="80">Volume</Field><Field id="9" order="90">Version</Field><Field id="5" order="110">Number of Pages</Field><Field id="22" order="130">Series Editor</Field><Field id="21" order="140">Series Title</Field><Field id="14" order="150">Edition</Field><Field id="17" order="160">Date Accessed</Field><Field id="16" order="170">Type of Medium</Field><Field id="24" order="210">ISBN</Field><Field id="43" order="220">DOI</Field><Field id="36" order="230">Original Publication</Field><Field id="37" order="240">Reprint Edition</Field><Field id="38" order="250">Reviewed Item</Field><Field id="25" order="260">Year Cited</Field><Field id="26" order="270">Date Cited</Field><Field id="27" order="280">Title Prefix</Field><Field id="28" order="290">Reviewer</Field><Field id="33" order="300">Last Update Date</Field><Field id="34" order="310">NIHMSID</Field><Field id="42" order="320">PMCID</Field><Field id="30" order="340">Accession Number</Field><Field id="31" order="350">Call Number</Field><Field id="19" order="360">Label</Field><Field id="15" order="370">Keywords</Field><Field id="18" order="380">Abstract</Field><Field id="23" order="390">Notes</Field><Field id="49" order="400">Research Notes</Field><Field id="20" order="410">URL</Field><Field id="44" order="420">File Attachments</Field><Field id="39" order="430">Author Address</Field><Field id="40" order="440">Figure</Field><Field id="41" order="450">Caption</Field><Field id="45" order="470">Translated Author</Field><Field id="46" order="480">Translated Title</Field><Field id="47" order="490">Name of Database</Field><Field id="48" order="500">Database Provider</Field><Field id="50" order="510">Language</Field></Fields></RefType><RefType id="30" name="Online Database"><Fields><Field id="2" order="10">Author</Field><Field id="3" order="20">Year</Field><Field id="4" order="30">Title</Field><Field id="6" order="50">Periodical</Field><Field id="11" order="60">Place Published</Field><Field id="12" order="70">Publisher</Field><Field id="7" order="80">Volume</Field><Field id="5" order="110">Pages</Field><Field id="14" order="150">Date Published</Field><Field id="17" order="160">Date Accessed</Field><Field id="16" order="170">Type of Work</Field><Field id="24" order="210">Report Number</Field><Field id="43" order="220">DOI</Field><Field id="30" order="340">Accession Number</Field><Field id="19" order="360">Label</Field><Field id="15" order="370">Keywords</Field><Field id="18" order="380">Abstract</Field><Field id="23" order="390">Notes</Field><Field id="49" order="400">Research Notes</Field><Field id="20" order="410">URL</Field><Field id="44" order="420">File Attachments</Field><Field id="39" order="430">Author Address</Field><Field id="40" order="440">Figure</Field><Field id="41" order="450">Caption</Field><Field id="45" order="470">Translated Author</Field><Field id="46" order="480">Translated Title</Field><Field id="47" order="490">Name of Database</Field><Field id="48" order="500">Database Provider</Field><Field id="50" order="510">Language</Field></Fields></RefType><RefType id="31" name="Generic"><Fields><Field id="2" order="10">Author</Field><Field id="3" order="20">Year</Field><Field id="4" order="30">Title</Field><Field id="10" order="40">Secondary Author</Field><Field id="6" order="50">Secondary Title</Field><Field id="11" order="60">Place Published</Field><Field id="12" order="70">Publisher</Field><Field id="7" order="80">Volume</Field><Field id="9" order="90">Number of Volumes</Field><Field id="8" order="100">Number</Field><Field id="5" order="110">Pages</Field><Field id="35" order="120">Section</Field><Field id="22" order="130">Tertiary Author</Field><Field id="21" order="140">Tertiary Title</Field><Field id="14" order="150">Edition</Field><Field id="17" order="160">Date</Field><Field id="16" order="170">Type of Work</Field><Field id="13" order="180">Subsidiary Author</Field><Field id="32" order="190">Short Title</Field><Field id="29" order="200">Alternate Title</Field><Field id="24" order="210">ISBN/ISSN</Field><Field id="43" order="220">DOI</Field><Field id="36" order="230">Original Publication</Field><Field id="37" order="240">Reprint Edition</Field><Field id="38" order="250">Reviewed Item</Field><Field id="25" order="260">Custom 1</Field><Field id="26" order="270">Custom 2</Field><Field id="27" order="280">Custom 3</Field><Field id="28" order="290">Custom 4</Field><Field id="33" order="300">Custom 5</Field><Field id="34" order="310">Custom 6</Field><Field id="42" order="320">Custom 7</Field><Field id="52" order="330">Custom 8</Field><Field id="30" order="340">Accession Number</Field><Field id="31" order="350">Call Number</Field><Field id="19" order="360">Label</Field><Field id="15" order="370">Keywords</Field><Field id="18" order="380">Abstract</Field><Field id="23" order="390">Notes</Field><Field id="49" order="400">Research Notes</Field><Field id="20" order="410">URL</Field><Field id="44" order="420">File Attachments</Field><Field id="39" order="430">Author Address</Field><Field id="40" order="440">Figure</Field><Field id="41" order="450">Caption</Field><Field id="51" order="460">Access Date</Field><Field id="45" order="470">Translated Author</Field><Field id="46" order="480">Translated Title</Field><Field id="47" order="490">Name of Database</Field><Field id="48" order="500">Database Provider</Field><Field id="50" order="510">Language</Field></Fields></RefType><RefType id="32" name="Government Document"><Fields><Field id="2" order="10">Author</Field><Field id="3" order="20">Year</Field><Field id="4" order="30">Title</Field><Field id="10" order="40">Department</Field><Field id="11" order="60">Place Published</Field><Field id="12" order="70">Publisher</Field><Field id="7" order="80">Volume</Field><Field id="8" order="100">Issue</Field><Field id="5" order="110">Pages</Field><Field id="35" order="120">Section</Field><Field id="21" order="140">Series Title</Field><Field id="14" order="150">Edition</Field><Field id="24" order="210">Report Number</Field><Field id="43" order="220">DOI</Field><Field id="25" order="260">Government Body</Field><Field id="26" order="270">Congress Number</Field><Field id="27" order="280">Congress Session</Field><Field id="30" order="340">Accession Number</Field><Field id="19" order="360">Label</Field><Field id="15" order="370">Keywords</Field><Field id="18" order="380">Abstract</Field><Field id="23" order="390">Notes</Field><Field id="49" order="400">Research Notes</Field><Field id="20" order="410">URL</Field><Field id="44" order="420">File Attachments</Field><Field id="39" order="430">Author Address</Field><Field id="40" order="440">Figure</Field><Field id="41" order="450">Caption</Field><Field id="51" order="460">Access Date</Field><Field id="45" order="470">Translated Author</Field><Field id="46" order="480">Translated Title</Field><Field id="47" order="490">Name of Database</Field><Field id="48" order="500">Database Provider</Field><Field id="50" order="510">Language</Field></Fields></RefType><RefType id="33" name="Conference Paper"><Fields><Field id="2" order="10">Author (displayed)</Field><Field id="3" order="20">Year (displayed)</Field><Field id="4" order="30">Title (displayed)</Field><Field id="10" order="40">Editor</Field><Field id="6" order="50">Conference Name (displayed)</Field><Field id="11" order="60">Conference Location</Field><Field id="12" order="70">Publisher</Field><Field id="7" order="80">Volume</Field><Field id="9" order="90">Session</Field><Field id="8" order="100">Issue</Field><Field id="5" order="110">Pages (displayed)</Field><Field id="35" order="120">Paper No.</Field><Field id="17" order="160">Date</Field><Field id="16" order="170">Type</Field><Field id="43" order="220">DOI</Field><Field id="25" order="260">Place Published</Field><Field id="33" order="300">Label</Field><Field id="30" order="340">Accession Number</Field><Field id="19" order="360">Label</Field><Field id="15" order="370">Keywords</Field><Field id="18" order="380">Abstract</Field><Field id="23" order="390">Notes</Field><Field id="49" order="400">Research Notes</Field><Field id="20" order="410">URL</Field><Field id="44" order="420">File Attachments</Field><Field id="39" order="430">Author Address</Field><Field id="40" order="440">Figure</Field><Field id="41" order="450">Caption</Field><Field id="51" order="460">Access Date</Field><Field id="45" order="470">Translated Author</Field><Field id="46" order="480">Translated Title</Field><Field id="47" order="490">Name of Database</Field><Field id="48" order="500">Database Provider</Field><Field id="50" order="510">Language</Field></Fields></RefType><RefType id="34" name="Online Multimedia"><Fields><Field id="2" order="10">Created By</Field><Field id="3" order="20">Year</Field><Field id="4" order="30">Title</Field><Field id="10" order="40">Series Editor</Field><Field id="6" order="50">Series Title</Field><Field id="11" order="60">Place Published</Field><Field id="12" order="70">Distributor</Field><Field id="9" order="90">Date Recorded</Field><Field id="8" order="100">Number of Screens</Field><Field id="5" order="110">Short URL</Field><Field id="35" order="120">Embed URL</Field><Field id="22" order="130">Contributors</Field><Field id="14" order="150">Time Stamp</Field><Field id="17" order="160">Date Accessed</Field><Field id="16" order="170">Type of Work</Field><Field id="32" order="190">Short Title</Field><Field id="43" order="220">DOI</Field><Field id="25" order="260">Year Cited</Field><Field id="26" order="270">Date Cited</Field><Field id="33" order="300">Format/Length</Field><Field id="30" order="340">Accession Number</Field><Field id="19" order="360">Label</Field><Field id="15" order="370">Keywords</Field><Field id="18" order="380">Abstract</Field><Field id="23" order="390">Notes</Field><Field id="49" order="400">Research Notes</Field><Field id="20" order="410">URL</Field><Field id="44" order="420">File Attachments</Field><Field id="39" order="430">Author Address</Field><Field id="40" order="440">Figure</Field><Field id="41" order="450">Caption</Field><Field id="45" order="470">Translated Author</Field><Field id="46" order="480">Translated Title</Field><Field id="47" order="490">Name of Database</Field><Field id="48" order="500">Database Provider</Field><Field id="50" order="510">Language</Field></Fields></RefType><RefType id="35" name="Patent Application"><Fields><Field id="2" order="10">Inventors (displayed)</Field><Field id="3" order="20">Year (displayed)</Field><Field id="4" order="30">Title (displayed)</Field><Field id="10" order="40">Secondary Author</Field><Field id="6" order="50">Secondary Title</Field><Field id="11" order="60">Country</Field><Field id="12" order="70">Assignee</Field><Field id="7" order="80">Patent Version Number</Field><Field id="17" order="160">Date Filed (displayed)</Field><Field id="43" order="220">Application Number (displayed)</Field><Field id="26" order="270">Date Filed (displayed)</Field><Field id="23" order="390">Notes</Field><Field id="49" order="400">Research Notes</Field><Field id="20" order="410">URL</Field><Field id="44" order="420">File Attachments</Field><Field id="39" order="430">Author Address</Field><Field id="40" order="440">Figure</Field><Field id="41" order="450">Caption</Field><Field id="51" order="460">Access Date</Field><Field id="45" order="470">Translated Author</Field><Field id="46" order="480">Translated Title</Field><Field id="47" order="490">Name of Database</Field><Field id="48" order="500">Database Provider</Field><Field id="50" order="510">Language</Field></Fields></RefType><RefType id="36" name="Legal Rule or Regulation"><Fields><Field id="2" order="10">Author</Field><Field id="3" order="20">Year</Field><Field id="4" order="30">Title</Field><Field id="10" order="40">Issuing Organization</Field><Field id="6" order="50">Title Number</Field><Field id="11" order="60">Place Published</Field><Field id="12" order="70">Publisher</Field><Field id="7" order="80">Rule Number</Field><Field id="9" order="90">Session Number</Field><Field id="8" order="100">Start Page</Field><Field id="5" order="110">Pages</Field><Field id="35" order="120">Section Number</Field><Field id="21" order="140">Supplement No.</Field><Field id="14" order="150">Edition</Field><Field id="17" order="160">Date of Code Edition</Field><Field id="16" order="170">Type of Work</Field><Field id="29" order="200">Abbreviation</Field><Field id="24" order="210">Document Number</Field><Field id="43" order="220">DOI</Field><Field id="36" order="230">History</Field><Field id="33" order="300">Label</Field><Field id="30" order="340">Accession Number</Field><Field id="31" order="350">Call Number</Field><Field id="19" order="360">Label</Field><Field id="15" order="370">Keywords</Field><Field id="18" order="380">Abstract</Field><Field id="23" order="390">Notes</Field><Field id="49" order="400">Research Notes</Field><Field id="20" order="410">URL</Field><Field id="44" order="420">File Attachments</Field><Field id="39" order="430">Author Address</Field><Field id="40" order="440">Figure</Field><Field id="41" order="450">Caption</Field><Field id="51" order="460">Access Date</Field><Field id="45" order="470">Translated Author</Field><Field id="46" order="480">Translated Title</Field><Field id="47" order="490">Name of Database</Field><Field id="48" order="500">Database Provider</Field><Field id="50" order="510">Language</Field></Fields></RefType><RefType id="37" name="Unpublished Work"><Fields><Field id="2" order="10">Author</Field><Field id="3" order="20">Year</Field><Field id="4" order="30">Title of Work</Field><Field id="10" order="40">Series Editor</Field><Field id="6" order="50">Series Title</Field><Field id="11" order="60">Place Published</Field><Field id="12" order="70">Institution</Field><Field id="8" order="100">Number</Field><Field id="5" order="110">Pages</Field><Field id="21" order="140">Department</Field><Field id="17" order="160">Date</Field><Field id="16" order="170">Type of Work</Field><Field id="32" order="190">Short Title</Field><Field id="29" order="200">Abbreviation</Field><Field id="43" order="220">DOI</Field><Field id="19" order="360">Label</Field><Field id="15" order="370">Keywords</Field><Field id="18" order="380">Abstract</Field><Field id="23" order="390">Notes</Field><Field id="49" order="400">Research Notes</Field><Field id="20" order="410">URL</Field><Field id="44" order="420">File Attachments</Field><Field id="39" order="430">Author Address</Field><Field id="40" order="440">Figure</Field><Field id="41" order="450">Caption</Field><Field id="51" order="460">Access Date</Field><Field id="45" order="470">Translated Author</Field><Field id="46" order="480">Translated Title</Field><Field id="47" order="490">Name of Database</Field><Field id="48" order="500">Database Provider</Field><Field id="50" order="510">Language</Field></Fields></RefType><RefTypeX id="38" name="Book Chapter"><Fields><Field id="2" order="10">Author (displayed)</Field><Field id="3" order="20">Year (displayed)</Field><Field id="4" order="30">Title (displayed)</Field><Field id="10" order="40">Editor (displayed)</Field><Field id="6" order="50">Book Title (displayed)</Field><Field id="11" order="60">Place Published (displayed)</Field><Field id="12" order="70">Publisher (displayed)</Field><Field id="7" order="80">Volume</Field><Field id="9" order="90">Number of Volumes</Field><Field id="8" order="100">Series Volume</Field><Field id="5" order="110">Pages (displayed)</Field><Field id="35" order="120">Chapter</Field><Field id="22" order="130">Series Editor</Field><Field id="21" order="140">Series Title</Field><Field id="33" order="300">Label</Field><Field id="15" order="370">Keywords</Field><Field id="18" order="380">Abstract</Field><Field id="23" order="390">Notes</Field><Field id="49" order="400">Research Notes</Field><Field id="20" order="410">URL</Field><Field id="44" order="420">File Attachments</Field></Fields></RefTypeX><RefTypeX id="39" name="Dictionary"><Fields><Field id="2" order="10">Author</Field><Field id="3" order="20">Year</Field><Field id="4" order="30">Title</Field><Field id="10" order="40">Editor</Field><Field id="6" order="50">Dictionary Title</Field><Field id="11" order="60">Place Published</Field><Field id="12" order="70">Publisher</Field><Field id="7" order="80">Volume</Field><Field id="9" order="90">Number of Volumes</Field><Field id="8" order="100">Number</Field><Field id="5" order="110">Pages</Field><Field id="35" order="120">Version</Field><Field id="14" order="150">Edition</Field><Field id="16" order="170">Type of Work</Field><Field id="13" order="180">Translator</Field><Field id="32" order="190">Short Title</Field><Field id="29" order="200">Abbreviation</Field><Field id="24" order="210">ISBN</Field><Field id="43" order="220">DOI</Field><Field id="36" order="230">Original Publication</Field><Field id="37" order="240">Reprint Edition</Field><Field id="38" order="250">Reviewed Item</Field><Field id="25" order="260">Term</Field><Field id="30" order="340">Accession Number</Field><Field id="31" order="350">Call Number</Field><Field id="19" order="360">Label</Field><Field id="15" order="370">Keywords</Field><Field id="18" order="380">Abstract</Field><Field id="23" order="390">Notes</Field><Field id="49" order="400">Research Notes</Field><Field id="20" order="410">URL</Field><Field id="44" order="420">File Attachments</Field><Field id="39" order="430">Author Address</Field><Field id="40" order="440">Figure</Field><Field id="41" order="450">Caption</Field><Field id="51" order="460">Access Date</Field><Field id="45" order="470">Translated Author</Field><Field id="46" order="480">Translated Title</Field><Field id="47" order="490">Name of Database</Field><Field id="48" order="500">Database Provider</Field><Field id="50" order="510">Language</Field></Fields></RefTypeX><RefTypeX id="40" name="Encyclopedia"><Fields><Field id="2" order="10">Author</Field><Field id="3" order="20">Year</Field><Field id="4" order="30">Title</Field><Field id="10" order="40">Editor</Field><Field id="6" order="50">Encyclopedia Title</Field><Field id="11" order="60">Place Published</Field><Field id="12" order="70">Publisher</Field><Field id="7" order="80">Volume</Field><Field id="9" order="90">Number of Volumes</Field><Field id="5" order="110">Pages</Field><Field id="14" order="150">Edition</Field><Field id="17" order="160">Date</Field><Field id="13" order="180">Translator</Field><Field id="32" order="190">Short Title</Field><Field id="29" order="200">Abbreviation</Field><Field id="24" order="210">ISBN</Field><Field id="43" order="220">DOI</Field><Field id="36" order="230">Original Publication</Field><Field id="37" order="240">Reprint Edition</Field><Field id="38" order="250">Reviewed Item</Field><Field id="25" order="260">Term</Field><Field id="30" order="340">Accession Number</Field><Field id="31" order="350">Call Number</Field><Field id="19" order="360">Label</Field><Field id="15" order="370">Keywords</Field><Field id="18" order="380">Abstract</Field><Field id="23" order="390">Notes</Field><Field id="49" order="400">Research Notes</Field><Field id="20" order="410">URL</Field><Field id="44" order="420">File Attachments</Field><Field id="39" order="430">Author Address</Field><Field id="40" order="440">Figure</Field><Field id="41" order="450">Caption</Field><Field id="51" order="460">Access Date</Field><Field id="45" order="470">Translated Author</Field><Field id="46" order="480">Translated Title</Field><Field id="47" order="490">Name of Database</Field><Field id="48" order="500">Database Provider</Field><Field id="50" order="510">Language</Field></Fields></RefTypeX><RefTypeX id="41" name="Grant"><Fields><Field id="2" order="10">Investigators (displayed)</Field><Field id="3" order="20">Year (displayed)</Field><Field id="4" order="30">Title of Grant (displayed)</Field><Field id="11" order="60">Activity Location</Field><Field id="12" order="70">Sponsoring Agency (displayed)</Field><Field id="7" order="80">Amount Requested</Field><Field id="9" order="90">Amount Received (displayed)</Field><Field id="8" order="100">Status</Field><Field id="5" order="110">Pages</Field><Field id="35" order="120">Duration of Grant</Field><Field id="29" order="200">Abbreviation</Field><Field id="36" order="230">Original Grant Number</Field><Field id="37" order="240">Review Date</Field><Field id="38" order="250">Reviewed Item</Field><Field id="25" order="260">Contact Name</Field><Field id="27" order="280">Contact Phone</Field><Field id="28" order="290">Contact Fax</Field><Field id="33" order="300">Funding Number</Field><Field id="34" order="310">CFDA Number</Field><Field id="31" order="350">Call Number</Field><Field id="19" order="360">Label</Field><Field id="23" order="390">Notes</Field><Field id="49" order="400">Research Notes</Field><Field id="20" order="410">URL</Field><Field id="44" order="420">File Attachments</Field><Field id="39" order="430">Author Address</Field><Field id="40" order="440">Figure</Field><Field id="41" order="450">Caption</Field><Field id="51" order="460">Access Date</Field><Field id="45" order="470">Translated Author</Field><Field id="46" order="480">Translated Title</Field><Field id="47" order="490">Name of Database</Field><Field id="48" order="500">Database Provider</Field><Field id="50" order="510">Language</Field></Fields></RefTypeX><RefType id="42" name="Aggregated Database"><Fields><Field id="2" order="10">Author</Field><Field id="3" order="20">Year</Field><Field id="4" order="30">Title</Field><Field id="6" order="50">Periodical</Field><Field id="11" order="60">Place Published</Field><Field id="12" order="70">Publisher</Field><Field id="7" order="80">Volume</Field><Field id="8" order="100">Publication Number</Field><Field id="5" order="110">Pages</Field><Field id="35" order="120">Screens</Field><Field id="14" order="150">Date Published</Field><Field id="17" order="160">Date Accessed</Field><Field id="16" order="170">Type of Work</Field><Field id="32" order="190">Short Title</Field><Field id="29" order="200">Alternate Title</Field><Field id="24" order="210">ISBN/ISSN</Field><Field id="43" order="220">DOI</Field><Field id="36" order="230">Original Publication</Field><Field id="33" order="300">Label</Field><Field id="30" order="340">Accession Number</Field><Field id="19" order="360">Label</Field><Field id="15" order="370">Keywords</Field><Field id="18" order="380">Abstract</Field><Field id="23" order="390">Notes</Field><Field id="49" order="400">Research Notes</Field><Field id="20" order="410">URL</Field><Field id="44" order="420">File Attachments</Field><Field id="39" order="430">Author Address</Field><Field id="40" order="440">Figure</Field><Field id="41" order="450">Caption</Field><Field id="45" order="470">Translated Author</Field><Field id="46" order="480">Translated Title</Field><Field id="47" order="490">Name of Database</Field><Field id="48" order="500">Database Provider</Field><Field id="50" order="510">Language</Field></Fields></RefType><RefType id="43" name="Blog Post"><Fields><Field id="2" order="10">Author</Field><Field id="3" order="20">Year</Field><Field id="4" order="30">Title of Entry</Field><Field id="11" order="60">Blog Title</Field><Field id="8" order="100">Date</Field><Field id="23" order="390">Notes</Field><Field id="49" order="400">Research Notes</Field><Field id="20" order="410">URL</Field></Fields></RefType><RefType id="44" name="Catalog"><Fields><Field id="2" order="10">Author</Field><Field id="3" order="20">Year</Field><Field id="4" order="30">Title</Field><Field id="10" order="40">Institution</Field><Field id="6" order="50">Series Title</Field><Field id="11" order="60">Place Published</Field><Field id="12" order="70">Publisher</Field><Field id="7" order="80">Volume</Field><Field id="9" order="90">Catalog Number</Field><Field id="8" order="100">Series Volume</Field><Field id="5" order="110">Pages</Field><Field id="35" order="120">Number of Pages</Field><Field id="14" order="150">Edition</Field><Field id="17" order="160">Date</Field><Field id="16" order="170">Type of Work</Field><Field id="13" order="180">Translator</Field><Field id="32" order="190">Short Title</Field><Field id="29" order="200">Abbreviation</Field><Field id="24" order="210">ISBN</Field><Field id="43" order="220">DOI</Field><Field id="36" order="230">Original Publication</Field><Field id="37" order="240">Reprint Edition</Field><Field id="33" order="300">Packaging Method</Field><Field id="30" order="340">Accession Number</Field><Field id="31" order="350">Call Number</Field><Field id="19" order="360">Label</Field><Field id="15" order="370">Keywords</Field><Field id="18" order="380">Abstract</Field><Field id="23" order="390">Notes</Field><Field id="49" order="400">Research Notes</Field><Field id="20" order="410">URL</Field><Field id="44" order="420">File Attachments</Field><Field id="39" order="430">Author Address</Field><Field id="40" order="440">Figure</Field><Field id="41" order="450">Caption</Field><Field id="51" order="460">Access Date</Field><Field id="45" order="470">Translated Author</Field><Field id="46" order="480">Translated Title</Field><Field id="47" order="490">Name of Database</Field><Field id="48" order="500">Database Provider</Field><Field id="50" order="510">Language</Field></Fields></RefType><RefType id="45" name="Preprint Article"><Fields><Field id="2" order="10">Website Name or Authors (displayed)</Field><Field id="3" order="20">Year (displayed)</Field><Field id="4" order="30">Title (displayed)</Field><Field id="10" order="40">Institution</Field><Field id="6" order="50">Published Source</Field><Field id="11" order="60">Place Published (displayed)</Field><Field id="12" order="70">Publisher (displayed)</Field><Field id="7" order="80">Number</Field><Field id="8" order="100">Series Volume</Field><Field id="5" order="110">Archive Number (displayed)</Field><Field id="35" order="120">Number of Pages</Field><Field id="14" order="150">Edition</Field><Field id="17" order="160">Date</Field><Field id="16" order="170">Type of Work</Field><Field id="13" order="180">Translator</Field><Field id="32" order="190">Short Title</Field><Field id="29" order="200">Abbreviation</Field><Field id="24" order="210">ISBN (displayed)</Field><Field id="43" order="220">DOI (displayed)</Field><Field id="36" order="230">Original Publication</Field><Field id="37" order="240">Reprint Edition</Field><Field id="33" order="300">Packaging Method</Field><Field id="30" order="340">Accession Number</Field><Field id="31" order="350">Call Number</Field><Field id="19" order="360">Label</Field><Field id="15" order="370">Keywords</Field><Field id="18" order="380">Abstract</Field><Field id="23" order="390">Notes</Field><Field id="49" order="400">Research Notes</Field><Field id="20" order="410">URL (displayed)</Field><Field id="44" order="420">File Attachments</Field><Field id="39" order="430">Author Address</Field><Field id="40" order="440">Figure</Field><Field id="41" order="450">Caption</Field><Field id="51" order="460">Access Date</Field><Field id="45" order="470">Translated Author</Field><Field id="46" order="480">Translated Title</Field><Field id="47" order="490">Name of Database</Field><Field id="48" order="500">Database Provider</Field><Field id="50" order="510">Language</Field></Fields></RefType><RefType id="46" name="Serial"><Fields><Field id="2" order="10">Author</Field><Field id="3" order="20">Year</Field><Field id="4" order="30">Title</Field><Field id="10" order="40">Editor</Field><Field id="6" order="50">Secondary Title</Field><Field id="11" order="60">Place Published</Field><Field id="12" order="70">Publisher</Field><Field id="7" order="80">Volume</Field><Field id="9" order="90">Number of Volumes</Field><Field id="8" order="100">Series Volume</Field><Field id="5" order="110">Pages</Field><Field id="35" order="120">Chapter</Field><Field id="22" order="130">Series Editor</Field><Field id="21" order="140">Series Title</Field><Field id="14" order="150">Edition</Field><Field id="17" order="160">Date</Field><Field id="16" order="170">Type of Work</Field><Field id="13" order="180">Volume Editor</Field><Field id="32" order="190">Short Title</Field><Field id="29" order="200">Abbreviation</Field><Field id="24" order="210">ISBN</Field><Field id="43" order="220">DOI</Field><Field id="36" order="230">Original Publication</Field><Field id="37" order="240">Reprint Edition</Field><Field id="38" order="250">Reviewed Item</Field><Field id="25" order="260">Section</Field><Field id="26" order="270">Report Number</Field><Field id="33" order="300">Packaging Method</Field><Field id="30" order="340">Accession Number</Field><Field id="31" order="350">Call Number</Field><Field id="19" order="360">Label</Field><Field id="15" order="370">Keywords</Field><Field id="18" order="380">Abstract</Field><Field id="23" order="390">Notes</Field><Field id="49" order="400">Research Notes</Field><Field id="20" order="410">URL</Field><Field id="44" order="420">File Attachments</Field><Field id="39" order="430">Author Address</Field><Field id="40" order="440">Figure</Field><Field id="41" order="450">Caption</Field><Field id="51" order="460">Access Date</Field><Field id="45" order="470">Translated Author</Field><Field id="46" order="480">Translated Title</Field><Field id="47" order="490">Name of Database</Field><Field id="48" order="500">Database Provider</Field><Field id="50" order="510">Language</Field></Fields></RefType><RefType id="47" name="Standard"><Fields><Field id="2" order="10">Author (displayed)</Field><Field id="3" order="20">Year (displayed)</Field><Field id="4" order="30">Title</Field><Field id="12" order="70">Institution (displayed)</Field><Field id="7" order="80">Volume</Field><Field id="5" order="110">Pages</Field><Field id="17" order="160">Date</Field><Field id="16" order="170">Type (displayed)</Field><Field id="43" order="220">Report Number</Field><Field id="23" order="390">Notes</Field><Field id="49" order="400">Research Notes</Field><Field id="20" order="410">URL</Field><Field id="44" order="420">File Attachments</Field><Field id="39" order="430">Author Address</Field><Field id="40" order="440">Figure</Field><Field id="41" order="450">Caption</Field><Field id="51" order="460">Access Date</Field><Field id="45" order="470">Translated Author</Field><Field id="46" order="480">Translated Title</Field><Field id="47" order="490">Name of Database</Field><Field id="48" order="500">Database Provider</Field><Field id="50" order="510">Language</Field></Fields></RefType><RefType id="48" name="Dataset"><Fields><Field id="2" order="10">Author (displayed)</Field><Field id="3" order="20">Year (displayed)</Field><Field id="4" order="30">Title (displayed)</Field><Field id="6" order="50">Journal (displayed)</Field><Field id="7" order="80">Volume (displayed)</Field><Field id="8" order="100">Issue</Field><Field id="5" order="110">Pages (displayed)</Field><Field id="35" order="120">Start Page</Field><Field id="17" order="160">Date (displayed)</Field><Field id="43" order="220">DOI (displayed)</Field><Field id="30" order="340">Accession Number</Field><Field id="31" order="350">Call Number</Field><Field id="19" order="360">Label</Field><Field id="15" order="370">Keywords</Field><Field id="18" order="380">Abstract</Field><Field id="23" order="390">Notes</Field><Field id="49" order="400">Research Notes</Field><Field id="20" order="410">URL</Field><Field id="44" order="420">File Attachments</Field><Field id="39" order="430">Author Address</Field><Field id="40" order="440">Figure</Field><Field id="41" order="450">Caption</Field><Field id="51" order="460">Access Date</Field><Field id="45" order="470">Translated Author</Field><Field id="46" order="480">Translated Title</Field><Field id="47" order="490">Name of Database</Field><Field id="48" order="500">Database Provider</Field><Field id="50" order="510">Language</Field></Fields></RefType><RefType id="49" name="Electronic Book Section"><Fields><Field id="2" order="10">Author</Field><Field id="3" order="20">Year</Field><Field id="4" order="30">Title</Field><Field id="10" order="40">Editor</Field><Field id="6" order="50">Book Title</Field><Field id="11" order="60">Place Published</Field><Field id="12" order="70">Publisher</Field><Field id="7" order="80">Volume</Field><Field id="9" order="90">Number of Volumes</Field><Field id="8" order="100">Chapter</Field><Field id="5" order="110">Pages</Field><Field id="22" order="130">Series Editor</Field><Field id="21" order="140">Series Title</Field><Field id="14" order="150">Edition</Field><Field id="17" order="160">Date</Field><Field id="16" order="170">Type of Work</Field><Field id="13" order="180">Translator</Field><Field id="32" order="190">Short Title</Field><Field id="24" order="210">ISBN</Field><Field id="43" order="220">DOI</Field><Field id="36" order="230">Original Publication</Field><Field id="37" order="240">Reprint Edition</Field><Field id="38" order="250">Reviewed Item</Field><Field id="25" order="260">Section</Field><Field id="27" order="280">Title Prefix</Field><Field id="28" order="290">Reviewer</Field><Field id="33" order="300">Packaging Method</Field><Field id="34" order="310">NIHMSID</Field><Field id="42" order="320">PMCID</Field><Field id="30" order="340">Accession Number</Field><Field id="31" order="350">Call Number</Field><Field id="19" order="360">Label</Field><Field id="15" order="370">Keywords</Field><Field id="18" order="380">Abstract</Field><Field id="23" order="390">Notes</Field><Field id="49" order="400">Research Notes</Field><Field id="20" order="410">URL</Field><Field id="44" order="420">File Attachments</Field><Field id="39" order="430">Author Address</Field><Field id="40" order="440">Figure</Field><Field id="41" order="450">Caption</Field><Field id="51" order="460">Access Date</Field><Field id="45" order="470">Translated Author</Field><Field id="46" order="480">Translated Title</Field><Field id="47" order="490">Name of Database</Field><Field id="48" order="500">Database Provider</Field><Field id="50" order="510">Language</Field></Fields></RefType><RefType id="50" name="Instruction Manual"><Fields><Field id="3" order="20">Year Introduced (displayed)</Field><Field id="4" order="30">Manual Name (displayed)</Field><Field id="6" order="50">Model Number (displayed)</Field><Field id="12" order="70">Company (displayed)</Field><Field id="7" order="80">Website (displayed)</Field><Field id="9" order="90">Product Description (displayed)</Field><Field id="8" order="100">Key Features</Field><Field id="5" order="110">Notes</Field><Field id="36" order="230">Original Publication</Field><Field id="37" order="240">Reprint Edition</Field><Field id="49" order="400">Research Notes</Field><Field id="44" order="420">File Attachments</Field><Field id="39" order="430">Author Address</Field><Field id="40" order="440">Figure</Field><Field id="41" order="450">Caption</Field><Field id="51" order="460">Access Date</Field><Field id="45" order="470">Translated Author</Field><Field id="46" order="480">Translated Title</Field><Field id="47" order="490">Name of Database</Field><Field id="48" order="500">Database Provider</Field><Field id="50" order="510">Language</Field></Fields></RefType><RefType id="51" name="Podcast"><Fields><Field id="2" order="10">Author</Field><Field id="3" order="20">Year</Field><Field id="4" order="30">Title of Podcast</Field><Field id="10" order="40">Publisher</Field><Field id="6" order="50">Title of Show</Field><Field id="11" order="60">Website</Field><Field id="17" order="160">Date</Field><Field id="23" order="390">Notes</Field><Field id="49" order="400">Research Notes</Field></Fields></RefType><RefType id="52" name="Press Release"><Fields><Field id="2" order="10">Author</Field><Field id="3" order="20">Year</Field><Field id="4" order="30">Title</Field><Field id="10" order="40">Editor</Field><Field id="6" order="50">Secondary Title</Field><Field id="11" order="60">Place Published</Field><Field id="12" order="70">Publisher</Field><Field id="8" order="100">Number of Pages</Field><Field id="5" order="110">Pages</Field><Field id="35" order="120">Section</Field><Field id="22" order="130">Producer</Field><Field id="21" order="140">Location of Work</Field><Field id="14" order="150">Edition</Field><Field id="17" order="160">Date</Field><Field id="16" order="170">Type of Work</Field><Field id="13" order="180">Translator</Field><Field id="32" order="190">Short Title</Field><Field id="29" order="200">Abbreviation</Field><Field id="24" order="210">ISBN/ISSN</Field><Field id="43" order="220">DOI</Field><Field id="36" order="230">Original Publication</Field><Field id="37" order="240">Reprint Edition</Field><Field id="38" order="250">Reviewed Item</Field><Field id="30" order="340">Accession Number</Field><Field id="31" order="350">Call Number</Field><Field id="19" order="360">Label</Field><Field id="15" order="370">Keywords</Field><Field id="18" order="380">Abstract</Field><Field id="23" order="390">Notes</Field><Field id="49" order="400">Research Notes</Field><Field id="20" order="410">URL</Field><Field id="44" order="420">File Attachments</Field><Field id="39" order="430">Author Address</Field><Field id="40" order="440">Figure</Field><Field id="41" order="450">Caption</Field><Field id="51" order="460">Access Date</Field><Field id="45" order="470">Translated Author</Field><Field id="46" order="480">Translated Title</Field><Field id="47" order="490">Name of Database</Field><Field id="48" order="500">Database Provider</Field><Field id="50" order="510">Language</Field></Fields></RefType><RefType id="53" name="MS Thesis"><Fields><Field id="2" order="10">Author (displayed)</Field><Field id="3" order="20">Year (displayed)</Field><Field id="4" order="30">Title (displayed)</Field><Field id="6" order="50">Academic Department (displayed)</Field><Field id="11" order="60">Place Published (displayed)</Field><Field id="12" order="70">University (displayed)</Field><Field id="7" order="80">Degree (displayed)</Field><Field id="17" order="160">Date</Field><Field id="16" order="170">Thesis Type</Field><Field id="37" order="240">Reprint Edition</Field><Field id="38" order="250">Reviewed Item</Field><Field id="30" order="340">Accession Number</Field><Field id="31" order="350">Call Number</Field><Field id="19" order="360">Label</Field><Field id="15" order="370">Keywords</Field><Field id="18" order="380">Abstract</Field><Field id="23" order="390">Notes</Field><Field id="49" order="400">Research Notes</Field><Field id="20" order="410">URL</Field><Field id="44" order="420">File Attachments</Field><Field id="39" order="430">Author Address</Field><Field id="40" order="440">Figure</Field><Field id="41" order="450">Caption</Field><Field id="51" order="460">Access Date</Field><Field id="45" order="470">Translated Author</Field><Field id="46" order="480">Translated Title</Field><Field id="47" order="490">Name of Database</Field><Field id="48" order="500">Database Provider</Field><Field id="50" order="510">Language</Field></Fields></RefType><RefType id="54" name="Miscellaneous"><Fields><Field id="2" order="10">Author (optional)</Field><Field id="3" order="20">Year (optional)</Field><Field id="4" order="30">Title (optional)</Field><Field id="16" order="170">Secondary Reference Type  (optional)</Field><Field id="23" order="390">Complete Reference Entry</Field><Field id="49" order="400">Research Notes</Field></Fields></RefType><RefType id="55" name="Social Media"><Fields><Field id="2" order="10">Username</Field><Field id="3" order="20">Year</Field><Field id="4" order="30">Post Text</Field><Field id="10" order="40">Handle</Field><Field id="6" order="50">Full Post Text</Field><Field id="12" order="70">Provider</Field><Field id="35" order="120">Share URL</Field><Field id="22" order="130">Affiliated Organization</Field><Field id="21" order="140">Embed URL</Field><Field id="14" order="150">Time</Field><Field id="17" order="160">Post Date</Field><Field id="16" order="170">Type of Work</Field><Field id="13" order="180">Original Author</Field><Field id="32" order="190">Short Title</Field><Field id="29" order="200">Alternate Title</Field><Field id="24" order="210">ISBN</Field><Field id="43" order="220">DOI</Field><Field id="36" order="230">Original Post</Field><Field id="30" order="340">Accession Number</Field><Field id="31" order="350">Call Number</Field><Field id="19" order="360">Label</Field><Field id="15" order="370">Keywords</Field><Field id="18" order="380">Abstract</Field><Field id="23" order="390">Notes</Field><Field id="49" order="400">Research Notes</Field><Field id="20" order="410">URL</Field><Field id="44" order="420">File Attachments</Field><Field id="39" order="430">Author Address</Field><Field id="40" order="440">Figure</Field><Field id="41" order="450">Caption</Field><Field id="51" order="460">Access Date</Field><Field id="45" order="470">Translated Author</Field><Field id="46" order="480">Translated Title</Field><Field id="47" order="490">Name of Database</Field><Field id="48" order="500">Database Provider</Field><Field id="50" order="510">Language</Field></Fields></RefType><RefType id="56" name="Television Episode"><Fields><Field id="2" order="10">Producer</Field><Field id="3" order="20">Year</Field><Field id="4" order="30">Title</Field><Field id="10" order="40">Series Director</Field><Field id="6" order="50">Episode Title</Field><Field id="11" order="60">Location</Field><Field id="12" order="70">Distributor</Field><Field id="7" order="80">Season</Field><Field id="9" order="90">Network Name</Field><Field id="8" order="100">Episode No.</Field><Field id="5" order="110">Running Time</Field><Field id="35" order="120">Station</Field><Field id="22" order="130">Screenwriter</Field><Field id="14" order="150">Edition</Field><Field id="17" order="160">Broadcast Date</Field><Field id="16" order="170">Medium</Field><Field id="13" order="180">Narrator</Field><Field id="32" order="190">Short Title</Field><Field id="29" order="200">Alternate Title</Field><Field id="43" order="220">DOI</Field><Field id="37" order="240">Reprint Edition</Field><Field id="25" order="260">Performers</Field><Field id="26" order="270">Credits</Field><Field id="28" order="290">Genre</Field><Field id="33" order="300">Format</Field><Field id="30" order="340">Accession Number</Field><Field id="31" order="350">Call Number</Field><Field id="19" order="360">Label</Field><Field id="15" order="370">Keywords</Field><Field id="18" order="380">Synopsis</Field><Field id="23" order="390">Notes</Field><Field id="49" order="400">Research Notes</Field><Field id="20" order="410">URL</Field><Field id="44" order="420">File Attachments</Field><Field id="39" order="430">Author Address</Field><Field id="40" order="440">Figure</Field><Field id="41" order="450">Caption</Field><Field id="51" order="460">Access Date</Field><Field id="45" order="470">Translated Author</Field><Field id="46" order="480">Translated Title</Field><Field id="47" order="490">Name of Database</Field><Field id="48" order="500">Database Provider</Field><Field id="50" order="510">Language</Field></Fields></RefType><RefType id="57" name="Multimedia Application"><Fields><Field id="2" order="10">Rights Holder</Field><Field id="3" order="20">Year</Field><Field id="4" order="30">App Title</Field><Field id="10" order="40">Contributors</Field><Field id="11" order="60">Place Published</Field><Field id="12" order="70">Website Name</Field><Field id="7" order="80">Platform</Field><Field id="9" order="90">Content Rating</Field><Field id="8" order="100">Version</Field><Field id="5" order="110">System Requirements</Field><Field id="14" order="150">Edition</Field><Field id="17" order="160">Date</Field><Field id="16" order="170">Type of Work</Field><Field id="32" order="190">Short Title</Field><Field id="29" order="200">Alternate Title</Field><Field id="43" order="220">DOI</Field><Field id="36" order="230">Original Publication</Field><Field id="37" order="240">Reissue Date</Field><Field id="26" order="270">Credits</Field><Field id="27" order="280">Size/Length</Field><Field id="33" order="300">Format</Field><Field id="30" order="340">Accession Number</Field><Field id="31" order="350">Call Number</Field><Field id="19" order="360">Label</Field><Field id="15" order="370">Keywords</Field><Field id="18" order="380">Abstract</Field><Field id="23" order="390">Notes</Field><Field id="49" order="400">Research Notes</Field><Field id="20" order="410">URL</Field><Field id="44" order="420">File Attachments</Field><Field id="39" order="430">Author Address</Field><Field id="40" order="440">Figure</Field><Field id="41" order="450">Caption</Field><Field id="51" order="460">Access Date</Field><Field id="45" order="470">Translated Author</Field><Field id="46" order="480">Translated Title</Field><Field id="47" order="490">Name of Database</Field><Field id="48" order="500">Database Provider</Field><Field id="50" order="510">Language</Field></Fields></RefType></RefTypes>